Sr#,IP,Test_Name,Status,SEED,Remarks
1,I2C,acpu_bfm_i2c_slv_intr_test,Passed,3989273191,
2,I2C,acpu_bfm_i2c_general_call_rx_test,Passed,3422897637,
3,I2C,acpu_bfm_i2c_test,Passed,1793556845,
4,I2C,bcpu_bfm_i2c_reset_state_test,Passed,395148620,
5,I2C,acpu_bfm_i2c_slv_pop_hwhs_test,Passed,2138684138,
6,I2C,bcpu_bfm_i2c_data_phase_test,Passed,4215517560,
7,I2C,bcpu_bfm_i2c_walking0_rw_test,Passed,589235209,
8,I2C,acpu_bfm_i2c_general_call_tx_test,Passed,282616511,
9,I2C,acpu_bfm_i2c_mstr_push_hwhs_test,Passed,750254953,
10,I2C,bcpu_bfm_i2c_master_txrx_without_dma_test,Passed,2991854940,
11,I2C,bcpu_bfm_i2c_slv_tx_without_dma_test,Passed,1723585483,
12,I2C,bcpu_bfm_i2c_slv_rx_without_dma_test,Passed,46644273,
13,I2C,bcpu_bfm_i2c_test,Passed,497131634,
14,I2C,bcpu_bfm_i2c_csr_rw_test,Passed,4030085573,
15,I2C,acpu_bfm_i2c_master_rx_fps_test,Passed,4089829431,
16,I2C,acpu_bfm_i2c_mid_reset_test,Passed,674601,
17,I2C,bcpu_bfm_i2c_slv_multi_rx_10bit_without_dma_test,Passed,734228104,
18,I2C,bcpu_bfm_i2c_master_rx_without_dma_test,Passed,956866346,
19,I2C,acpu_bfm_i2c_mstr_intr_test,Passed,3162091600,
20,I2C,bcpu_bfm_i2c_master_tx_without_dma_test,Passed,1051223117,
21,I2C,bcpu_bfm_i2c_addr_phase_test,Passed,3248066024,
22,I2C,bcpu_bfm_i2c_memory_rw_test,Passed,2863463094,
23,I2C,acpu_bfm_i2c_fifo_intr_test,Passed,3913066718,
24,I2C,bcpu_bfm_i2c_master_multi_rx_without_dma_test,Passed,681123155,
25,I2C,bcpu_bfm_i2c_slv_rx_10bit_without_dma_test,Passed,1666816454,
26,I2C,bcpu_bfm_i2c_slv_tx_10bit_without_dma_test,Passed,3704268512,
27,I2C,bcpu_bfm_i2c_clk_gating_test,Passed,2128204691,
28,I2C,acpu_bfm_i2c_slv_push_hwhs_test,Passed,2326867938,
29,I2C,bcpu_bfm_i2c_master_rx_10bit_without_dma_test,Passed,3172167138,
30,I2C,bcpu_bfm_i2c_rw_inverting_bits_test,Passed,1159180133,
31,I2C,acpu_bfm_i2c_mstr_pop_hwhs_test,Passed,1215857887,
32,I2C,acpu_bfm_i2c_master_tx_fs_test,Passed,2081661786,
33,I2C,bcpu_bfm_i2c_master_tx_10bit_without_dma_test,Passed,3180331082,
34,I2C,bcpu_bfm_i2c_slv_multi_tx_without_dma_test,Passed,1013900932,
35,I2C,acpu_bfm_i2c_mstr_auto_clk_stretch_test,Passed,3112142499,
36,I2C,bcpu_bfm_i2c_master_multi_rx_10bit_without_dma_test,Passed,495883153,
37,I2C,bcpu_bfm_i2c_master_multi_tx_10bit_without_dma_test,Passed,4113696246,
38,I2C,bcpu_bfm_i2c_stop_phase_test,Passed,1777073589,
39,I2C,acpu_bfm_i2c_master_rx_fs_test,Passed,730628198,
40,I2C,bcpu_bfm_i2c_master_multitx_without_dma_test,Passed,2725691335,
41,I2C,acpu_bfm_i2c_master_tx_fps_test,Passed,992726629,
42,I2C,fpga1_bfm_i2c_test,Passed,3967699836,
43,UART0,acpu_bfm_uart0_lsr_fe_intr_test,Passed,1613198398,
44,UART0,acpu_bfm_uart0_txrx_test,Passed,1973389761,
45,UART0,bcpu_bfm_uart0_directed_test,Passed,918422110,
46,UART0,fpga0_bfm_uart0_access_test,Passed,1331458514,
47,UART0,acpu_bfm_uart0_tx_intr_test,Passed,1518966195,
48,UART0,bcpu_bfm_uart0_rst_read_test,Passed,2654320730,
49,UART0,bcpu_bfm_uart0_test,Passed,3124962738,
50,UART0,acpu_bfm_uart0_txrx_fifo_test,Passed,1658159187,
51,UART0,bcpu_bfm_uart0_loopback_test,Passed,1250055323,
52,UART0,acpu_bfm_uart0_msr_intr_test,Passed,1856664166,
53,UART0,acpu_bfm_uart0_tx_fifo_test,Passed,3864763201,
54,UART0,bcpu_bfm_uart0_reset_test,Passed,3704100194,
55,UART0,fpga1_bfm_uart0_txrx_test,Passed,2694962871,
56,UART0,fpga1_bfm_uart0_randombuad8_test,Passed,1251726278,
57,UART0,acpu_bfm_uart0_fifo_intr_test,Passed,3555196128,
58,UART0,fpga1_bfm_uart0_tx_test,Passed,790920259,
59,UART0,fpga1_bfm_uart0_rd_wr_test,Passed,2481266823,
60,UART0,acpu_bfm_uart0_autoflow_test,Passed,2716845865,
61,UART0,acpu_bfm_uart0_rx_fifo_test,Passed,3608946978,
62,UART0,bcpu_bfm_uart0_rx_vip_tx_test,Passed,604164675,
63,UART0,fpga1_bfm_uart0_randombuad_test,Passed,2432045094,
64,UART0,acpu_bfm_uart0_cto_intr_test,Passed,1277976750,
65,UART0,acpu_bfm_uart0_lsr_overrun_fifo_intr_test,Passed,3759318307,
66,UART0,acpu_bfm_uart0_lsr_pe_intr_test,Passed,796270404,
67,UART0,bcpu_bfm_uart0_clk_gating_test,Passed,1604399423,
68,UART0,acpu_bfm_uart0_tx_test,Passed,3969491049,
69,UART0,acpu_bfm_uart0_rx_intr_test,Passed,1532667015,
70,UART0,bcpu_bfm_uart0_tx_test,Passed,1746662024,
71,UART0,acpu_bfm_uart0_test,Passed,2703764579,
72,UART0,acpu_bfm_uart0_diff_baud_test,Passed,928783579,
73,UART0,acpu_bfm_uart0_lsr_lb_intr_test,Passed,3397442033,
74,UART0,acpu_bfm_uart0_rx_test,Passed,490573308,
75,UART1,acpu_bfm_uart1_autoflow_test,Passed,733303567,
76,UART1,acpu_bfm_uart1_tx_test,Passed,4285934953,
77,UART1,acpu_bfm_uart1_diff_baud_test,Passed,3071801239,
78,UART1,bcpu_bfm_uart1_tx_test,Passed,53977821,
79,UART1,acpu_bfm_uart1_cto_intr_test,Passed,1076575705,
80,UART1,bcpu_bfm_uart1_reset_test,Passed,258042543,
81,UART1,fpga1_bfm_uart1_txrx_test,Passed,3232209157,
82,UART1,acpu_bfm_uart1_rx_fifo_test,Passed,2573812571,
83,UART1,acpu_bfm_uart1_test,Passed,1465526808,
84,UART1,bcpu_bfm_uart1_vip_txrx_test,Passed,311727740,
85,UART1,acpu_bfm_uart1_lsr_fe_intr_test,Passed,2124730921,
86,UART1,acpu_bfm_uart1_rx_test,Passed,1485200476,
87,UART1,fpga1_bfm_uart1_randombuad_test,Passed,749931347,
88,UART1,acpu_bfm_uart1_fifo_intr_test,Passed,3099565631,
89,UART1,acpu_bfm_uart1_rx_intr_test,Passed,2518960113,
90,UART1,acpu_bfm_uart1_txrx_test,Passed,4152243597,
91,UART1,bcpu_bfm_uart1_rx_vip_tx_test,Passed,133756992,
92,UART1,fpga1_bfm_uart1_tx_test,Passed,3785134629,
93,UART1,acpu_bfm_uart1_tx_intr_test,Passed,3718083073,
94,UART1,fpga1_bfm_uart1_randombuad8_test,Passed,2533990251,
95,UART1,fpga0_bfm_uart1_access_test,Passed,2023206273,
96,UART1,bcpu_bfm_uart1_loopback_test,Passed,1259066597,
97,UART1,acpu_bfm_uart1_lsr_lb_intr_test,Passed,2105258984,
98,UART1,acpu_bfm_uart1_txrx_fifo_test,Passed,3118115911,
99,UART1,acpu_bfm_uart1_msr_intr_test,Passed,2496003190,
100,UART1,acpu_bfm_uart1_tx_fifo_test,Passed,2738793975,
101,UART1,bcpu_bfm_uart1_clk_gating_test,Passed,1556972672,
102,UART1,bcpu_bfm_uart1_test,Passed,1179919585,
103,UART1,acpu_bfm_uart1_lsr_pe_intr_test,Passed,3714491995,
104,UART1,acpu_bfm_uart1_lsr_overrun_fifo_intr_test,Passed,3888480356,
105,DMA,bcpu_bfm_dma_Memory2Memory_Multi_Block_Data_Transfer_test,Passed,3620765331,
106,DMA,fpga1_bfm_dma_registers_walking_one_test,Passed,1921112532,
107,DMA,bcpu_bfm_dma_TFR_DONE_Int_Mask_test,Passed,677628,
108,DMA,acpu_bfm_dma_Mem2Mem_Src_DECRM_Dst_DECRM_test,Passed,1745196716,
109,DMA,acpu_bfm_dma_registers_bitwise_inversion_test,Passed,2035384886,
110,DMA,acpu_bfm_dma_Mem2Mem_Src_DECRM_Dst_INCRM_test,Passed,3140894608,
111,DMA,bcpu_bfm_dma_Memory2Memory_Single_Block_Data_Transfer_test,Passed,2345487674,
112,DMA,acpu_bfm_dma_FPGA_P3_hwhs_test,Passed,3681628715,
113,DMA,acpu_bfm_dma_Bus_Error_test,Passed,1462040957,
114,DMA,acpu_bfm_dma_Uart0_RX_hwhs_test,Passed,1214327257,
115,DMA,bcpu_bfm_dma_MemToPeripheral_test,Passed,2986434296,
116,DMA,acpu_bfm_dma_Unaligned_Address_Error_test,Passed,814084273,
117,DMA,acpu_bfm_dma_bcpu_bfm_dma_Reserved_Configuration_Error_test,Passed,4164669238,
118,DMA,bcpu_bfm_dma_OutOfReachAccess_BCPU_WDT_IF0_test,Passed,777262065,
119,DMA,acpu_bfm_dma_Uart1_RX_hwhs_test,Passed,635057511,
120,DMA,bcpu_bfm_dma_registers_walking_one_test,Passed,1227619987,
121,DMA,acpu_bfm_dma_I2C_pop_hwhs_test,Passed,13513428,
122,DMA,acpu_bfm_dma_EnableDsiable_Channel_terminal_count_interrupt_mask_test,Passed,192769427,
123,DMA,fpga1_bfm_dma_register_rd_wr_test,Passed,3190274847,
124,DMA,acpu_bfm_dma_regsiters_random_read_write_test,Passed,3314488378,
125,DMA,bcpu_bfm_dma_OutOfReachAccess_ACPU_WDT_IF1_test,Passed,2768209382,
126,DMA,bcpu_bfm_dma_ChainTransfer_test,Passed,4081964149,
127,DMA,bcpu_bfm_dma_SLVIF_CommonReg_WR2RO_ERR_Int_Mask_test,Passed,3041669229,
128,DMA,bcpu_bfm_dma_SLVIF_CommonReg_RD2WO_ERR_Int_Mask_test,Passed,2172535405,
129,DMA,bcpu_bfm_dma_reset_through_dma_soft_reset_test,Passed,2164236641,
130,DMA,acpu_bfm_dma_registers_bit_bash_test,Passed,1147340369,
131,DMA,acpu_bfm_dma_ReqAck_Isolation_test,Passed,2990370180,
132,DMA,bcpu_bfm_dma_PeripheralToMemory_test,Passed,3523959895,
133,DMA,fpga1_bfm_dma_registers_bitwise_inversion_test,Passed,1888570224,
134,DMA,bcpu_bfm_dma_DST_DEC_ERR_IntStat_test,Passed,2879867809,
135,DMA,acpu_bfm_dma_FPGA_P1_NormalMode_test,Passed,1922430520,
136,DMA,acpu_bfm_dma_SRAM_Intra_bank_transfer_test,Passed,4038495692,
137,DMA,acpu_bfm_dma_FPGA_P1_hwhs_test,Passed,680496357,
138,DMA,fpga1_bfm_dma_regsiters_random_read_write_test,Passed,972193379,
139,DMA,bcpu_bfm_dma_OutOfReachAccess_ACPU_WDT_IF0_test,Passed,3095453185,
140,DMA,acpu_bfm_dma_SPI_Flash_Access_test,Passed,3563616808,
141,DMA,acpu_bfm_dma_FPGA_P4_hwhs_test,Passed,10777298,
142,DMA,bcpu_bfm_dma_ddr3_sram_test,Passed,3730029793,
143,DMA,bcpu_bfm_dma_SLVIF_CommonReg_UndfnSpc_ERR_IntStat_test,Passed,2486210963,
144,DMA,acpu_bfm_dma_registers_readonly_reg_test,Passed,540414738,
145,DMA,bcpu_bfm_dma_ClockGating_test,Passed,610484801,
146,DMA,fpga1_bfm_dma_registers_readonly_reg_test,Passed,4222613294,
147,DMA,bcpu_bfm_dma_OutOfReachAccessFCB_test,Passed,2874775192,
148,DMA,bcpu_bfm_dma_SRC_DEC_ERR_IntStat_test,Passed,142939351,
149,DMA,bcpu_bfm_dma_CHANNEL_ABORT_test,Passed,2781431833,
150,DMA,bcpu_bfm_dma_reset_through_scu_test,Passed,661160662,
151,DMA,acpu_bfm_dma_EnableDisable_Channel_abort_interrupt_mask_test,Passed,1662919713,
152,DMA,bcpu_bfm_dma_register_rd_wr_test,Passed,1845488090,
153,DMA,bcpu_bfm_dma_OutOfReach_IF0_test,Passed,1703782609,
154,DMA,acpu_bfm_dma_TwoPriorityLevelArbitration_test,Passed,3984603717,
155,DMA,acpu_bfm_dma_FPGA_AHB_isol_test,Passed,511457222,
156,DMA,acpu_bfm_dma_EnableDisable_Channel_error_Interrupt_mask_test,Passed,536159924,
157,DMA,acpu_bfm_dma_RoundRobinArbitration_test,Passed,441944579,
158,DMA,bcpu_bfm_dma_registers_readonly_reg_test,Passed,3983768071,
159,DMA,bcpu_bfm_dma_SLVIF_CommonReg_RD2WO_ERR_IntStat_test,Passed,2298072160,
160,DMA,acpu_bfm_dma_test,Passed,4116170741,
161,DMA,fpga1_bfm_dma_registers_bit_bash_test,Passed,2334526890,
162,DMA,acpu_bfm_dma_SRAM_Inter_bank_transfer_test,Passed,2940874864,
163,DMA,acpu_bfm_dma_Uart1_TX_hwhs_test,Passed,1437067065,
164,DMA,acpu_bfm_dma_Mem2Mem_Src_INCRM_Dst_DECRM_test,Passed,2729401167,
165,DMA,acpu_bfm_dma_registers_walking_one_test,Passed,2534459252,
166,DMA,acpu_bfm_dma_register_rd_wr_test,Passed,3424228671,
167,DMA,bcpu_bfm_dma_Concurrent_Channels_Enable_test,Passed,2535415695,
168,DMA,acpu_bfm_dma_registers_walking_zero_test,Passed,2551804722,
169,DMA,acpu_bfm_dma_Uart0_TX_hwhs_test,Passed,3148194350,
170,DMA,bcpu_bfm_dma_registers_bitwise_inversion_test,Passed,2855442678,
171,DMA,fpga1_bfm_dma_registers_walking_zero_test,Passed,2193841794,
172,DMA,acpu_bfm_dma_FPGA_P2_hwhs_test,Passed,3697779075,
173,DMA,bcpu_bfm_dma_regsiters_random_read_write_test,Passed,2271648386,
174,DMA,bcpu_bfm_dma_registers_walking_zero_test,Passed,2533829326,
175,DMA,bcpu_bfm_dma_test,Passed,828155453,
176,DMA,acpu_bfm_dma_I2C_push_hwhs_test,Passed,1183151375,
177,DMA,bcpu_bfm_dma_registers_bit_bash_test,Passed,2971417390,
178,DMA,bcpu_bfm_dma_OutOfReach_IF1_test,Passed,2760241148,
179,DMA,bcpu_bfm_dma_default_value_test,Passed,3258947660,
180,GPIO,bcpu_bfm_gpio_drive_ext_pads_test,Passed,1524146345,
181,GPIO,bcpu_bfm_gpio_config_interrupt_low_level_test,Passed,341142278,
182,GPIO,bcpu_bfm_gpio_alt_func_in_test,Passed,540648837,
183,GPIO,bcpu_bfm_gpio_config_ctrl_output_mode_test,Passed,1442047869,
184,GPIO,bcpu_bfm_gpio_drive_fpga_func_pads_test,Passed,1240990705,
185,GPIO,bcpu_bfm_gpio_config_reg_sanity_test,Passed,1978127464,
186,GPIO,bcpu_bfm_gpio_config_interrupt_dual_edge_test,Passed,1335772042,
187,GPIO,acpu_bfm_gpio_test,Passed,3991870883,
188,GPIO,bcpu_bfm_gpio_config_interrupt_neg_edge_test,Passed,2920191621,
189,GPIO,bcpu_bfm_gpio_pad_input_config_test,Passed,1916009094,
190,GPIO,bcpu_bfm_gpio_drive_debug_func_pads_test,Passed,1070897666,
191,GPIO,bcpu_bfm_gpio_config_interrupt_high_level_test,Passed,3408179593,
192,GPIO,bcpu_bfm_gpio_config_output_neg_func_test,Passed,3621696280,
193,GPIO,bcpu_bfm_gpio_config_pad_basic_test,Passed,1884855345,
194,GPIO,bcpu_bfm_gpio_config_outputs_test,Passed,4183576458,
195,GPIO,bcpu_bfm_gpio_test,Passed,247442749,
196,GPIO,bcpu_bfm_gpio_config_debounce_test,Passed,3503772756,
197,GPIO,bcpu_bfm_gpio_config_loopback_test,Passed,1158943491,
198,GPIO,bcpu_bfm_gpio_config_input_neg_func_test,Passed,3525867925,
199,GPIO,bcpu_bfm_gpio_config_pad_inout_test,Passed,1299912876,
200,GPIO,bcpu_bfm_gpio_pad_output_config_test,Passed,2878262756,
201,GPIO,bcpu_bfm_gpio_config_interrupt_pos_edge_test,Passed,2508834437,
202,GPIO,bcpu_bfm_gpio_alt_func_out_test,Passed,760718384,
203,GPIO,bcpu_bfm_gpio_config_pad_input_test,Passed,3027408858,
204,GPIO,bcpu_bfm_gpio_config_pads_ctrl_main_func_input_test,Passed,3873804030,
205,GPIO,bcpu_bfm_gpio_config_clock_gating_test,Passed,2003777366,
206,GPIO,bcpu_bfm_gpio_config_verify_reg_reset_test,Passed,3932464141,
207,GPT,acpu_bfm_gpt_test,Passed,436544225,
208,GPT,bcpu_bfm_gpt_front_back_door_access_test,Passed,3826337278,
209,GPT,acpu_bfm_gpt_front_back_door_access_test,Passed,2812247081,
210,GPT,acpu_bfm_gpt_bit_bash_test,Passed,1799348721,
211,GPT,acpu_bfm_gpt_clock_gating_test,Passed,7940499,
212,GPT,acpu_bfm_gpt_default_test,Passed,3719374066,
213,GPT,fpga1_bfm_gpt_check_Addr_range_test,Passed,1617099252,
214,GPT,bcpu_bfm_gpt_chn_pwm16_mode_test,Passed,3223573635,
215,GPT,acpu_bfm_gpt_rd_wr_test,Passed,656586604,
216,GPT,bcpu_bfm_gpt_test,Passed,3217705284,
217,GPT,acpu_bfm_gpt_addr_range_test,Passed,440682553,
218,GPT,bcpu_bfm_gpt_rd_wr_test,Passed,1880008697,
219,GPT,bcpu_bfm_gpt_chn_timer16_mode_test,Passed,3441624098,
220,GPT,bcpu_bfm_gpt_bit_bash_test,Passed,2288423042,
221,GPT,bcpu_bfm_gpt_chn_pwm8_timer8_mode_test,Passed,3842822502,
222,GPT,bcpu_bfm_gpt_chn_pwm8_timer16_mode_test,Passed,1895069109,
223,GPT,bcpu_bfm_gpt_clock_gating_test,Passed,1925712645,
224,GPT,bcpu_bfm_gpt_dma_axi0_OutOfReach_test,Passed,2379902734,
225,GPT,fpga1_bfm_gpt_rd_wr_test,Passed,1549410799,
226,GPT,bcpu_bfm_gpt_walking_pattern_test,Passed,30839443,
227,GPT,bcpu_bfm_gpt_chn_timer8_mode_test,Passed,4286489106,
228,GPT,fpga1_bfm_gpt_default_test,Passed,528010082,
229,GPT,fpga1_bfm_gpt_front_back_door_access_test,Passed,595100581,
230,GPT,bcpu_bfm_gpt_chn_timer32_mode_test,Passed,27153715,
231,GPT,bcpu_bfm_gpt_addr_range_test,Passed,415295522,
232,GPT,bcpu_bfm_gpt_default_test,Passed,4079300446,
233,SPI,fpga1_bfm_spi_test,Passed,2769247775,
234,SPI,acpu_bfm_SPI_dma_Flash_DualModeRead_test,Passed,1184786726,
235,SPI,acpu_bfm_spi_ReadDataInQuadMode_test,Passed,3007996359,
236,SPI,acpu_bfm_spi_mem_Single3ByteAddrData_1ByteSingleDummy_test,Passed,2846419288,
237,SPI,acpu_bfm_spi_mem_Single3ByteAddr_1ByteSingleDummy_DualData_test,Passed,2788391120,
238,SPI,acpu_bfm_spi_mem_Single4ByteAddrData_test,Passed,1059939093,
239,SPI,acpu_bfm_spi_mem_4byteaddress1byte0inQuadmode_2bytesinQuadmode_test,Passed,1649129094,
240,SPI,bcpu_bfm_spi_m_DualWr_test,Passed,1058598333,
241,SPI,acpu_bfm_spi_mem_Single3ByteAddrData_test,Passed,471321147,
242,SPI,bcpu_bfm_spi_as_slv_reg_mode_test,Passed,3435411858,
243,SPI,acpu_bfm_spi_TXFIFOIntEn_test,Passed,296358227,
244,SPI,bcpu_bfm_spi_m_QuadWr_test,Passed,326154035,
245,SPI,acpu_bfm_spi_mem_3bytesInRegularMode1byteinRegularmodeDualmode_test,Passed,51125963,
246,SPI,bcpu_bfm_spi_fcb_test,Passed,1986528258,
247,SPI,acpu_bfm_spi_mem_4bytesinRegularmode1byteinRegularmodeQuadmode_test,Passed,126106815,
248,SPI,acpu_bfm_spi_mem_3bytesinRegularmode1byteinRegularmodeQuadmode_test,Passed,2378567377,
249,SPI,acpu_bfm_spi_ReadDataInRegularMode_test,Passed,427284397,
250,SPI,bcpu_bfm_spi_m_rd_test,Passed,2404146697,
251,SPI,bcpu_bfm_spi_m_wr_test,Passed,474382425,
252,SPI,bcpu_bfm_spi_test,Passed,3811413703,
253,SPI,acpu_bfm_SPI_dma_Flash_QuadModeRead_test,Passed,1051001515,
254,SPI,acpu_bfm_spi_ReadDataInDualMode_test,Passed,3923451476,
255,SPI,acpu_bfm_spi_RXFIFOIntEn_test,Passed,3377654832,
256,SPI,bcpu_bfm_spi_m_ahb_mem_rd_test,Passed,1771328548,
257,SPI,acpu_bfm_spi_mem_4bytesinRegularmode1byteinRegularmodeRegularmode_test,Passed,1094486335,
258,SPI,acpu_bfm_spi_mem_Quad30ByteAddrQuadData_2ByteQuadDummy_test,Passed,3032870572,
259,SPI,acpu_bfm_SPI_dma_Flash_RegularModeRead_test,Passed,3507291449,
260,SPI,acpu_bfm_spi_test,Passed,4225098181,
261,SPI,bcpu_bfm_spi_reset_through_scu_test,Passed,3800826986,
262,SPI,acpu_bfm_spi_mem_4byteaddress1byte0Dualmode_Dualmode_test,Passed,2276534864,
263,SPI,acpu_bfm_spi_mem_4bytesinRegularmode1byteinRegularmodeDualmode_test,Passed,1068743447,
264,SPI,acpu_bfm_SPI_Flash_Access_test,Passed,3016720652,
265,SPI,acpu_bfm_spi_ClockGating_test,Passed,1786232547,
266,SRAM,bcpu_bfm_sram_walking_one_write_read_test,Passed,3851765934,
267,SRAM,fpga1_bfm_sram_incr_burst_write_32bit_test,Passed,124522240,
268,SRAM,bcpu_bfm_sram_all_banks_write_read_test,Passed,1522920450,
269,SRAM,acpu_bfm_sram_test,Passed,736191824,
270,SRAM,acpu_bfm_sram_walking_zero_write_read_test,Passed,843508675,
271,SRAM,acpu_bfm_sram_incr_burst_write_64bit_test,Passed,1926904649,
272,SRAM,acpu_bfm_sram_all_banks_boundry_write_read_test,Passed,2674791026,
273,SRAM,acpu_bfm_sram_all_banks_write_read_64bit_test,Passed,1910448233,
274,SRAM,acpu_bfm_sram_wrap_burst_write_64bit_test,Passed,4141693396,
275,SRAM,bcpu_bfm_sram_all_banks_boundry_write_read_test,Passed,3330538182,
276,SRAM,bcpu_bfm_sram_all_banks_write_read_16bit_test,Passed,1988345814,
277,SRAM,fpga1_bfm_sram_all_banks_boundry_write_read_test,Passed,2500202939,
278,SRAM,fpga1_bfm_sram_all_banks_write_read_8bit_test,Passed,2813744991,
279,SRAM,fpga1_bfm_sram_walking_zero_write_read_test,Passed,1474318092,
280,SRAM,acpu_bfm_sram_all_banks_write_read_8_16_bit_test,Passed,3878957256,
281,SRAM,acpu_bfm_sram_walking_one_write_read_test,Passed,264049140,
282,SRAM,bcpu_bfm_sram_incr_burst_write_32bit_test,Passed,948221862,
283,SRAM,fpga1_bfm_sram_all_banks_write_read_16bit_test,Passed,2617494431,
284,SRAM,fpga1_bfm_sram_walking_one_write_read_test,Passed,1372081666,
285,SRAM,fpga1_bfm_sram_all_banks_write_read_test,Passed,4228875552,
286,SRAM,bcpu_bfm_sram_wrap_burst_write_32bit_test,Passed,1727533747,
287,SRAM,bcpu_bfm_sram_walking_zero_write_read_test,Passed,3577501902,
288,SRAM,bcpu_bfm_sram_all_banks_write_read_8bit_test,Passed,2635509101,
289,SRAM,acpu_bfm_sram_all_banks_write_read_test,Passed,1907559582,
290,SRAM,bcpu_bfm_sram_test,Passed,2586343746,
291,SRAM,acpu_bfm_sram_incr_burst_read_64bit_test,Passed,2554055699,
292,WDT,acpu_bfm_wdt_test,Passed,793295012,
293,WDT,bcpu_bfm_wdt_walking_one_test,Passed,2831322321,
294,WDT,acpu_bfm_wdt_pause_test,Passed,581497222,
295,WDT,bcpu_bfm_wdt_pause_test,Passed,3250561967,
296,WDT,acpu_bfm_wdt_int_rst_test,Passed,1612452509,
297,WDT,bcpu_bfm_wdt_test,Passed,99853661,
298,WDT,acpu_bfm_wdt_walking_one_test,Passed,3899486298,
299,WDT,bcpu_bfm_wdt_multiple_int_test,Passed,1279658130,
300,WDT,bcpu_bfm_wdt_reset_test,Passed,2106266047,
301,WDT,bcpu_bfm_wdt_disable_test,Passed,2158407412,
302,WDT,acpu_bfm_wdt_wdt_int_test,Passed,933581922,
303,WDT,acpu_bfm_wdt_reset_test,Passed,2922017052,
304,WDT,bcpu_bfm_wdt_int_rst_test,Passed,3693035141,
305,WDT,acpu_bfm_wdt_disable_test,Passed,1723853363,
306,WDT,bcpu_bfm_wdt_wdt_int_test,Passed,2524684161,
307,WDT,bcpu_bfm_wdt_count_restart_test,Passed,1569317773,
308,WDT,acpu_bfm_wdt_count_restart_test,Passed,3844251006,
309,WDT,acpu_bfm_wdt_multiple_int_test,Passed,3596524553,
310,SCU,bcpu_bfm_scu_bootsel_test,Passed,2672535906,
311,SCU,acpu_bfm_scu_mailbox_sender_id_check_test,Passed,3601528899,
312,SCU,bcpu_bfm_scu_clk_div_modes_from_doc_test,Failed,431943527,"UVM_ERROR [       uvm_hdl_vcs.c(211) ] { 4669.0ns } [reporter                      ] [UVM/DPI/HDL_SET] set: unable to locate hdl path (config_ss_tb.DUT.flexnoc.flexnoc.interconnect_synch_regime_Cm133_main.ClockManager.IClockManager_interconnect_synch_regime_Cm133.dontStop)
"
313,SCU,bcpu_bfm_scu_clk_div_test,Failed,4091129328,"UVM_ERROR [       uvm_hdl_vcs.c(211) ] { 4250.0ns } [reporter                      ] [UVM/DPI/HDL_SET] set: unable to locate hdl path (config_ss_tb.DUT.flexnoc.flexnoc.interconnect_synch_regime_Cm133_main.ClockManager.IClockManager_interconnect_synch_regime_Cm133.dontStop)
"
314,SCU,bcpu_bfm_scu_semaphore_test,Passed,619767917,
315,SCU,acpu_bfm_scu_mailbox_test,Passed,3197566626,
316,SCU,bcpu_bfm_scu_gating_control_test,Passed,4030378993,
317,SCU,bcpu_bfm_multi_bootstatus_test,Passed,2084952099,
318,SCU,acpu_bfm_scu_semaphore_test,Passed,3147008969,
319,SCU,bcpu_bfm_scu_acpu_reset_test,Failed,2548816389,"UVM_ERROR [       uvm_hdl_vcs.c(356) ] { 4622.0ns } [reporter                      ] [UVM/DPI/HDL_GET] get: unable to locate hdl path (config_ss_tb.DUT.config_ss.acpu_rst_vector[31:0])
"
320,SCU,bcpu_bfm_scu_mailbox_test,Passed,420469173,
321,SCU,bcpu_bfm_scu_walking_1_test,Passed,3767747903,
322,SCU,bcpu_bfm_scu_sw_rst_test,Passed,3844335808,
323,SCU,acpu_bfm_scu_test,Passed,2492264112,
324,SCU,bcpu_bfm_scu_fpga_irq_test,Passed,1276603599,
325,SCU,bcpu_bfm_scu_check_fbdiv_test,Passed,1443365245,
326,SCU,acpu_bfm_scu_semaphore_own_rlz_test,Passed,1020746206,
327,SCU,abcpu_bfm_mbox_test,Passed,2742238572,
328,SCU,bcpu_bfm_scu_clksel_rc_osc_test,Passed,1356700914,
329,SCU,bcpu_bfm_scu_mailbox_sender_id_check_test,Passed,2895201969,
330,SCU,bcpu_bfm_scu_clksel_pllref_test,Passed,1603660563,
331,SCU,abcpu_bfm_semaphore_test,Passed,2615823242,
332,SCU,bcpu_bfm_scu_test,Passed,3575223055,
333,SCU,bcpu_bfm_scu_semaphore_own_rlz_test,Passed,1770585086,
334,SCU,bcpu_bfm_scu_self_reset_test,Passed,625427214,
335,DDR,bcpu_bfm_ddr4_invalid_addr_test,Passed,51079142,
336,DDR,bcpu_bfm_ddrphy_regs_test,Passed,3690982123,
337,DDR,bcpu_bfm_ddr4_init_test,Passed,1968021411,
338,DDR,bcpu_bfm_ddr3_real_time_prio_test,Passed,2278195202,
339,DDR,bcpu_bfm_lpddr3_walking_bit_test,Passed,761924697,
340,DDR,bcpu_bfm_ddr3_power_down_test,Passed,3016525554,
341,DDR,acpu_bfm_ddr4_init_test,Passed,229506104,
342,DDR,bcpu_bfm_lpddr3_wrap_burst_test,Passed,708476825,
343,DDR,bcpu_bfm_lpddr3_self_refresh_test,Passed,4279204707,
344,DDR,bcpu_bfm_lpddr3_bit_bash_test,Passed,3941052366,
345,DDR,bcpu_bfm_ddr3_walking_bit_test,Passed,2149875585,
346,DDR,bcpu_bfm_ddr4_multi_master_test,Passed,1274246108,
347,DDR,bcpu_bfm_lpddr3_reset_connectivity_test,Passed,3401379242,
348,DDR,bcpu_bfm_ddr3_invalid_addr_test,Passed,1990581783,
349,DDR,bcpu_bfm_lpddr3_intrpt_error_test,Passed,3428736713,
350,DDR,bcpu_bfm_lpddr3_init_test,Passed,1126965262,
351,DDR,fpga1_bfm_lpddr3_dma_spiflash_test,Passed,2300668991,
352,DDR,bcpu_bfm_ddr4_reset_connectivity_test,Passed,3523637999,
353,DDR,bcpu_bfm_ddr3_multi_master_test,Passed,2059384109,
354,DDR,bcpu_bfm_ddr3_init_test,Passed,760400535,
355,DDR,bcpu_bfm_lpddr3_power_down_test,Passed,4244784832,
356,DDR,bcpu_bfm_ddr3_reset_test,Passed,3578756310,
357,DDR,fpga0_bfm_lpddr3_init_test,Passed,2020269638,
358,DDR,bcpu_bfm_ddr3_wrap_burst_test,Passed,2950335673,
359,DDR,bcpu_bfm_ddr4_rd_wr_multi_mstr_test,Failed,3069250455,"UVM_ERROR [_err_check_stats.svp(583) ] { 1365982.0ns } [b_system_env.master[0].monitor] [register_fail:AMBA:AHB_COMMON:signal_valid_hrdata_check] Description: Monitor detected X or Z on HRDATA 
"
360,DDR,fpga1_bfm_ddr3_incr_burst_test,Passed,1964343493,
361,DDR,acpu_bfm_ddr3_init_test,Passed,2728736086,
362,DDR,bcpu_bfm_ddr4_reset_test,Passed,558476008,
363,DDR,fpga1_bfm_lpddr3_dma_sram_test,Passed,3939530961,
364,DDR,fpga1_bfm_lpddr3_init_test,Passed,190243162,
365,DDR,fpga1_bfm_ddr3_wrap_burst_test,Passed,2140448621,
366,DDR,bcpu_bfm_ddr3_addr_line_conn_test,Passed,4071775388,
367,DDR,fpga0_bfm_lpddr3_wrap_burst_test,Passed,2955446750,
368,DDR,acpu_bfm_lpddr3_init_test,Passed,3978606831,
369,DDR,bcpu_bfm_ddr3_reset_connectivity_test,Passed,2606018935,
370,DDR,fpga1_bfm_ddr4_init_test,Passed,919111739,
371,DDR,bcpu_bfm_ddr3_max_prio_test,Passed,1204152092,
372,DDR,bcpu_bfm_ddr4_single_rank_test,Passed,2813117498,
373,DDR,bcpu_bfm_ddr4_intrpt_error_test,Passed,2148461978,
374,DDR,bcpu_bfm_ddr3_bit_bash_test,Passed,2761307021,
375,DDR,fpga0_bfm_ddr4_init_test,Passed,4081563889,
376,DDR,fpga0_bfm_ddr3_wrap_burst_test,Passed,3359773854,
377,DDR,bcpu_bfm_ddr4_clk_gating_test,Passed,1789850203,
378,DDR,bcpu_bfm_ddr3_addr_boundary_test,Passed,4288772448,
379,DDR,fpga1_bfm_ddr3_dma_spiflash_test,Passed,397015109,
380,DDR,bcpu_bfm_ddr3_clk_gating_test,Passed,1406923587,
381,DDR,bcpu_bfm_ddr3_self_refresh_test,Passed,3487336363,
382,DDR,fpga0_bfm_ddr3_init_test,Passed,551000835,
383,DDR,bcpu_bfm_lpddr3_multi_master_test,Passed,3322967779,
384,DDR,bcpu_bfm_ddr3_single_rank_test,Passed,1912930788,
385,DDR,fpga1_bfm_ddr3_dma_sram_test,Passed,1981127984,
386,DDR,bcpu_bfm_ddr3_rd_wr_multi_mstr_test,Passed,139898049,
387,DDR,bcpu_bfm_ddr4_narrow_transfer_test,Passed,3903081146,
388,DDR,bcpu_bfm_lpddr3_clk_gating_test,Passed,1158095909,
389,DDR,acpu_bfm_lpddr3_intrpt_error_test,Passed,3369795281,
390,DDR,acpu_bfm_ddr4_bank_grp_test,Passed,851604335,
391,DDR,bcpu_bfm_ddrmctl_regs_test,Passed,1523045709,
392,DDR,acpu_bfm_ddr3_intrpt_error_test,Passed,3025713695,
393,DDR,bcpu_bfm_lpddr3_invalid_addr_test,Passed,1701252692,
394,DDR,bcpu_bfm_ddr3_intrpt_error_test,Passed,4018271708,
395,DDR,fpga1_bfm_lpddr3_wrap_burst_test,Passed,191165223,
396,DDR,bcpu_bfm_lpddr3_addr_boundary_test,Passed,655273355,
397,DDR,bcpu_bfm_ddr3_narrow_transfer_test,Passed,2191918452,
398,DDR,fpga1_bfm_ddr3_init_test,Passed,963135044,
399,FCB,bcpu_bfm_fcb_read_only_test,Passed,997523734,
400,FCB,bcpu_bfm_fcb_read_postchksum_test,Passed,1308656895,
401,FCB,bcpu_bfm_fcb_config_prechksum_test,Passed,1185301990,
402,FCB,bcpu_bfm_fcb_config_only_rand_test,Passed,2161075504,
403,FCB,bcpu_bfm_fcb_test,Passed,776080300,
404,PCB,bcpu_bfm_pcb_broadcast_test,Passed,668211169,
405,PCB,bcpu_bfm_pcb_test,Passed,1333080598,
406,PCB,bcpu_bfm_pcb_split_test,Passed,673693213,
407,PCB,bcpu_bfm_pcb_en_test,Passed,2017063410,
408,PCB,bcpu_bfm_pcb_s_inc_test,Passed,3985276383,
409,PCB,bcpu_bfm_pcb_operation_test,Passed,2049496168,
410,PCB,bcpu_bfm_pcb_calib_test,Passed,3784978236,
411,PCB,bcpu_bfm_pcb_a_inc_test,Passed,2602254265,
412,PCB,bcpu_bfm_pcb_bist_pass_test,Passed,1587069739,
413,PCB,bcpu_bfm_pcb_parity_test,Passed,4033215858,
414,PCB,bcpu_bfm_pcb_bist_fail_test,Passed,1158823483,
415,USB,bcpu_bfm_usb_clk_gating_test,Passed,671547736,
416,USB,acpu_bfm_usb_bist_host_hs_without_error_injection_test,Passed,1648646887,
417,USB,bcpu_bfm_usb_device_ddr_adma_bulk_in_fifo_mode_test,Passed,2573499467,
418,USB,bcpu_bfm_usb_bist_device_fs_without_error_injection_test,Passed,2562418726,
419,USB,fpga1_bfm_usb_device_iso_in_hs_test,Passed,902798780,
420,USB,acpu_bfm_usb_hw_reset_test,Passed,150433958,
421,USB,fpga1_bfm_usb_hw_reset_test,Passed,3764873712,
422,USB,acpu_bfm_usb_device_int_toggle_test,Passed,1008525926,
423,USB,acpu_bfm_usb_suspend_resume_test,Passed,740321004,
424,USB,bcpu_bfm_usb_device_ddr_adma_bulk_out_fifo_mode_test,Passed,3088916312,
425,USB,fpga1_bfm_usb_device_sram_connectivity_bulk_in_precise_burst_test,Passed,4289197344,
426,USB,acpu_bfm_usb_sanity_test,Passed,2747769580,
427,USB,fpga1_bfm_usb_sanity_test,Passed,2853994831,
428,USB,bcpu_bfm_usb_device_int_toggle_test,Passed,3320396351,
429,USB,fpga1_bfm_usb_device_int_toggle_hs_test,Passed,1863385967,
430,USB,fpga1_bfm_usb_device_adma_bulk_receive_test,Passed,4069958046,
431,USB,acpu_bfm_usb_device_ep0_test,Passed,1918435275,
432,USB,acpu_bfm_usb_bist_device_fs_without_error_injection_test,Passed,650614466,
433,USB,bcpu_bfm_usb_host_iso_in_fs_test,Passed,3378122452,
434,USB,bcpu_bfm_usb_bist_host_fs_without_error_injection_test,Passed,2091430075,
435,USB,bcpu_bfm_usb_host_iso_in_hs_test,Passed,37976675,
436,USB,bcpu_bfm_usb_device_hs_bulk_out_toggle_test,Passed,3827356715,
437,USB,bcpu_bfm_usb_device_adma_bulk_receive_test,Passed,10,
438,USB,acpu_bfm_usb_device_ddr_adma_bulk_in_test,Passed,579764819,
439,USB,acpu_bfm_usb_device_hs_bulk_out_toggle_test,Passed,739178494,
440,USB,acpu_bfm_usb_device_bulk_out_toggle_test,Passed,4084176995,
441,USB,acpu_bfm_usb_device_int_toggle_hs_test,Passed,3800657810,
442,USB,acpu_bfm_usb_device_ddr_adma_bulk_out_test,Passed,2056047178,
443,USB,fpga1_bfm_usb_device_adma_ep0_test,Passed,3971446890,
444,USB,acpu_bfm_usb_device_sram_connectivity_bulk_in_test,Passed,3250970500,
445,USB,bcpu_bfm_usb_device_adma_ep0_test,Passed,1388487805,
446,USB,fpga1_bfm_usb_device_ddr_adma_bulk_in_precise_burst_test,Passed,261744948,
447,USB,fpga1_bfm_usb_device_sram_connectivity_bulk_out_precise_burst_test,Passed,1735261265,
448,USB,bcpu_bfm_usb_hw_reset_test,Passed,3416614520,
449,USB,bcpu_bfm_usb_device_int_toggle_hs_test,Passed,877751966,
450,USB,bcpu_bfm_usb_bist_device_fs_with_error_injection_test,Passed,2460487510,
451,USB,fpga1_bfm_usb_device_hs_bulk_out_toggle_test,Passed,3755094157,
452,USB,bcpu_bfm_usb_bist_host_hs_with_error_injection_test,Passed,2425264302,
453,USB,bcpu_bfm_usb_suspend_resume_test,Passed,37918695,
454,USB,bcpu_bfm_usb_sanity_test,Passed,595809583,
455,USB,fpga1_bfm_usb_clk_gating_test,Passed,2167170097,
456,USB,bcpu_bfm_usb_host_adma_bulk_in_fs_test,Passed,498127427,
457,USB,bcpu_bfm_usb_device_iso_in_hs_test,Passed,1004901874,
458,USB,bcpu_bfm_usb_sw_reset_test,Passed,1997448067,
459,USB,acpu_bfm_usb_rd_wr_test,Passed,1014409668,
460,USB,acpu_bfm_usb_false_checking_test,Passed,3038316240,
461,USB,bcpu_bfm_usb_host_adma_bulk_out_fs_test,Passed,674907821,
462,USB,acpu_bfm_usb_device_sram_connectivity_bulk_out_test,Passed,2172535025,
463,USB,bcpu_bfm_usb_bfm_device_bulk_out_toggle_test,Passed,3124712992,
464,USB,bcpu_bfm_usb_rd_wr_test,Passed,4056252582,
465,USB,bcpu_bfm_usb_device_ep0_test,Passed,1737705388,
466,USB,bcpu_bfm_usb_bist_host_fs_with_error_injection_test,Passed,697387121,
467,USB,bcpu_bfm_usb_bist_host_hs_without_error_injection_test,Passed,1162573607,
468,USB,bcpu_bfm_usb_bist_device_hs_with_error_injection_test,Passed,1321881572,
469,USB,fpga1_bfm_usb_por_test,Passed,1385059440,
470,USB,bcpu_bfm_usb_device_sram_connectivity_bulk_out_fifo_mode_test,Passed,3569479401,
471,USB,acpu_bfm_usb_clk_gating_test,Passed,3965374417,
472,USB,fpga1_bfm_usb_intr_test,Passed,3946237410,
473,USB,bcpu_bfm_usb_device_sram_connectivity_bulk_in_fifo_mode_test,Passed,1141135874,
474,USB,bcpu_bfm_usb_por_test,Passed,1023650459,
475,USB,bcpu_bfm_usb_bist_device_hs_without_error_injection_test,Passed,501799803,
476,USB,fpga1_bfm_usb_device_int_toggle_test,Passed,1101670483,
477,USB,acpu_bfm_usb_por_test,Passed,3321789069,
478,USB,fpga1_bfm_usb_device_adma_bulk_transmit_test,Passed,2139059918,
479,USB,acpu_bfm_usb_device_adma_bulk_receive_test,Passed,2735773264,
480,USB,acpu_bfm_usb_intr_test,Passed,1244822028,
481,USB,fpga1_bfm_usb_device_ep0_test,Passed,736167623,
482,USB,acpu_bfm_usb_device_adma_bulk_transmit_test,Passed,3925293490,
483,USB,bcpu_bfm_usb_device_adma_bulk_transmit_test,Passed,699374971,
484,USB,acpu_bfm_usb_device_adma_ep0_test,Passed,182404612,
485,USB,fpga1_bfm_usb_device_bulk_out_toggle_test,Passed,994184141,
486,USB,fpga1_bfm_usb_rd_wr_test,Passed,410041731,
487,USB,acpu_bfm_usb_device_iso_in_hs_test,Passed,537461950,
488,USB,acpu_bfm_usb_sw_reset_test,Passed,3780552261,
489,USB,bcpu_bfm_usb_intr_test,Passed,458315179,
490,USB,fpga1_bfm_usb_device_ddr_adma_bulk_out_precise_burst_test,Passed,530042724,
491,USB,fpga1_bfm_usb_sw_reset_test,Passed,51955991,
492,GBE,bcpu_bfm_gbe_rx_clk_gating_test,Passed,2896138113,
493,GBE,acpu_bfm_gbe_tx_udp_test,Passed,1490649110,
494,GBE,acpu_bfm_gbe_mdio_phy_reg_rd_test,Passed,3511960300,
495,GBE,bcpu_bfm_gbe_ext_lpbk_10m_test,Passed,219441905,
496,GBE,fpga1_bfm_gbe_basic_chain_test,Passed,1897671105,
497,GBE,acpu_bfm_gbe_mdio_phy_reg_wr_test,Passed,712875723,
498,GBE,bcpu_bfm_gbe_rx_mult_pkts_test,Passed,2919254814,
499,GBE,acpu_bfm_gbe_int_lpbk_random_test,Passed,2017862252,
500,GBE,acpu_bfm_gbe_rx_clk_gating_test,Passed,1861473463,
501,GBE,acpu_bfm_gbe_ext_lpbk_random_test,Passed,3534085635,
502,GBE,fpga1_bfm_gbe_rx_pkt_buf_overrun_test,Passed,3963249608,
503,GBE,fpga1_bfm_gbe_rx_sw_rst_test,Passed,3114281707,
504,GBE,fpga1_bfm_gbe_ext_lpbk_directed_test,Passed,994134736,
505,GBE,fpga1_bfm_gbe_tx_clk_gating_test,Passed,3318894068,
506,GBE,fpga1_bfm_gbe_tx_pause_frame_basic_test,Passed,3343121663,
507,GBE,acpu_bfm_gbe_tx_multicast_test,Passed,3423830872,
508,GBE,fpga1_bfm_gbe_rx_pause_frame_basic_test,Passed,4021673044,
509,GBE,acpu_bfm_gbe_rx_ipv6_test,Passed,3570234443,
510,GBE,fpga1_bfm_gbe_ext_lpbk_random_test,Passed,1841344881,
511,GBE,acpu_bfm_gbe_ext_lpbk_en_half_duplex_rx_test,Passed,1936006135,
512,GBE,fpga1_bfm_gbe_ext_lpbk_dma_burst_single_test,Passed,839792308,
513,GBE,fpga1_bfm_gbe_tx_1g_test,Passed,3724372151,
514,GBE,bcpu_bfm_gbe_ext_lpbk_dma_burst_single_test,Passed,1098805165,
515,GBE,acpu_bfm_gbe_rx_pkt_cutthru_test,Passed,1763092309,
516,GBE,bcpu_bfm_gbe_ext_lpbk_dma_burst_incr8_test,Passed,1442475341,
517,GBE,fpga1_bfm_gbe_ext_lpbk_full_duplex_test,Passed,3920737384,
518,GBE,bcpu_bfm_gbe_rst_state_test,Passed,2716316787,
519,GBE,fpga1_bfm_gbe_int_lpbk_random_test,Passed,2253719760,
520,GBE,acpu_bfm_gbe_tx_pkt_cutthru_test,Passed,2982774652,
521,GBE,fpga1_bfm_gbe_tx_slave_mem_ddr_test,Passed,3467658015,
522,GBE,fpga1_bfm_gbe_rx_clk_gating_test,Passed,2397380811,
523,GBE,fpga1_bfm_gbe_mdio_phy_reg_wr_test,Failed,1209290550,"UVM_ERROR [_err_check_stats.svp(583) ] { 13113.0ns } [_phy_agnt.monitor.err_check_tx] [register_fail:MAC:MDIO:svt_err_mdio_address_frame_not_found] Description: Address Frame not found, Reference: IEEE 802.3-2018 : Section 45.3.6 - uvm_test_top.env.gbe_phy_agnt.monitor.err_check_tx
"
524,GBE,fpga1_bfm_gbe_tx_basic_traffic_test,Passed,3973922520,
525,GBE,acpu_bfm_gbe_rx_pkt_buf_overrun_test,Passed,1031233793,
526,GBE,fpga1_bfm_gbe_mdio_phy_reg_rd_test,Passed,3208436590,
527,GBE,acpu_bfm_gbe_rx_slave_mem_ddr_test,Passed,3855208599,
528,GBE,acpu_bfm_gbe_tx_clk_gating_test,Passed,1077486575,
529,GBE,acpu_bfm_gbe_rx_basic_traffic_test,Passed,807432330,
530,GBE,acpu_bfm_gbe_rx_sw_rst_test,Passed,4120145127,
531,GBE,bcpu_bfm_gbe_tx_clk_gating_test,Passed,2157381380,
532,GBE,acpu_bfm_gbe_tx_sw_rst_test,Passed,2685826505,
533,GBE,bcpu_bfm_gbe_rx_basic_traffic_test,Passed,1926904030,
534,GBE,acpu_bfm_gbe_rx_tcp_test,Passed,624956067,
535,GBE,bcpu_bfm_gbe_rx_slave_mem_ddr_test,Passed,1794525332,
536,GBE,acpu_bfm_gbe_tx_1g_test,Passed,4182928661,
537,GBE,acpu_bfm_gbe_tx_ipv4_test,Passed,2199461463,
538,GBE,bcpu_bfm_gbe_ext_lpbk_directed_test,Passed,191667453,
539,GBE,bcpu_bfm_gbe_tx_1g_test,Passed,223047397,
540,GBE,acpu_bfm_gbe_tx_broadcast_test,Passed,2278660710,
541,GBE,acpu_bfm_gbe_ext_lpbk_directed_test,Passed,179011030,
542,GBE,acpu_bfm_gbe_rx_discard_broadcast_fr_test,Passed,2088521204,
543,GBE,fpga1_bfm_gbe_tx_sw_rst_test,Passed,3164149589,
544,GBE,fpga1_bfm_gbe_ext_lpbk_en_half_duplex_rx_test,Passed,659586538,
545,GBE,bcpu_bfm_gbe_ext_lpbk_en_half_duplex_rx_test,Passed,667737,
546,GBE,bcpu_bfm_gbe_test,Passed,3325626140,
547,GBE,fpga1_bfm_gbe_rx_pkt_cutthru_test,Passed,4261585501,
548,GBE,bcpu_bfm_gbe_rx_pkt_cutthru_test,Passed,642709272,
549,GBE,acpu_bfm_gbe_rx_ptp_test,Passed,3594004243,
550,GBE,bcpu_bfm_gbe_ext_lpbk_dma_burst_incr16_test,Passed,3046120379,
551,GBE,fpga1_bfm_gbe_tx_pkt_cutthru_test,Passed,1940006770,
552,GBE,bcpu_bfm_gbe_tx_pkt_cutthru_test,Passed,4235512999,
553,GBE,fpga1_bfm_gbe_ext_lpbk_10m_test,Passed,350408583,
554,GBE,bcpu_bfm_gbe_tx_sw_rst_test,Passed,1979811804,
555,GBE,acpu_bfm_gbe_tx_vlan_tagged_test,Passed,4259192614,
556,GBE,acpu_bfm_gbe_basic_chain_test,Passed,2652,
557,GBE,acpu_bfm_gbe_rx_vlan_tagged_test,Passed,187967738,
558,GBE,acpu_bfm_gbe_int_lpbk_directed_test,Passed,3424218666,
559,GBE,fpga1_bfm_gbe_tx_jumbo_frame_test,Passed,3148756865,
560,GBE,acpu_bfm_gbe_rx_udp_test,Passed,720988779,
561,GBE,bcpu_bfm_gbe_tx_jumbo_frame_test,Passed,2600,
562,GBE,bcpu_bfm_gbe_rx_pkt_buf_overrun_test,Passed,1297157044,
563,GBE,fpga1_bfm_gbe_rx_jumbo_frame_test,Passed,1855280692,
564,GBE,bcpu_bfm_gbe_rx_jumbo_frame_test,Passed,3098433590,
565,GBE,acpu_bfm_gbe_rx_unicast_test,Passed,446323012,
566,GBE,bcpu_bfm_gbe_tx_basic_traffic_test,Passed,1948391285,
567,GBE,bcpu_bfm_gbe_tx_slave_mem_ddr_test,Passed,408133737,
568,GBE,bcpu_bfm_gbe_int_lpbk_random_test,Passed,2606442263,
569,GBE,bcpu_bfm_gbe_ext_lpbk_random_test,Passed,621057662,
570,GBE,bcpu_bfm_gbe_int_lpbk_directed_test,Passed,3440388833,
571,GBE,acpu_bfm_gbe_tx_unicast_test,Passed,2772167638,
572,GBE,bcpu_bfm_gbe_basic_chain_test,Passed,3091065654,
573,GBE,bcpu_bfm_gbe_mdio_phy_reg_rd_test,Passed,4000215297,
574,GBE,acpu_bfm_gbe_rx_multicast_test,Passed,2775833145,
575,GBE,bcpu_bfm_gbe_mdio_phy_reg_wr_test,Passed,2968042540,
576,GBE,bcpu_bfm_gbe_tx_mult_pkts_test,Passed,1395427456,
577,GBE,acpu_bfm_gbe_ext_lpbk_10m_test,Passed,3338036643,
578,GBE,acpu_bfm_gbe_rx_ipv4_test,Passed,2373443837,
579,GBE,acpu_bfm_gbe_tx_jumbo_frame_test,Passed,72354893,
580,GBE,bcpu_bfm_gbe_ext_lpbk_100m_test,Passed,3272964955,
581,GBE,fpga1_bfm_gbe_rst_state_test,Passed,371802623,
582,GBE,fpga1_bfm_gbe_ext_lpbk_half_duplex_buffered_test,Passed,366494771,
583,GBE,acpu_bfm_gbe_ext_lpbk_100m_test,Passed,2626370442,
584,GBE,acpu_bfm_gbe_rx_jumbo_frame_test,Passed,1731144533,
585,GBE,bcpu_bfm_gbe_ext_lpbk_full_duplex_test,Passed,3128876147,
586,GBE,bcpu_bfm_gbe_ext_lpbk_dma_burst_incr4_test,Passed,1442150645,
587,GBE,acpu_bfm_gbe_tx_tcp_test,Passed,3170749482,
588,GBE,acpu_bfm_gbe_tx_pause_frame_basic_test,Passed,3579339580,
589,GBE,acpu_bfm_gbe_ext_lpbk_half_duplex_buffered_test,Passed,3529059801,
590,GBE,acpu_bfm_gbe_rx_pause_frame_basic_test,Passed,3838248820,
591,GBE,bcpu_gbe_txrx_test,Passed,1814510412,
592,GBE,fpga1_bfm_gbe_int_lpbk_directed_test,Passed,3390272813,
593,GBE,acpu_bfm_gbe_ext_lpbk_full_duplex_test,Passed,1728885943,
594,GBE,acpu_bfm_gbe_tx_ptp_test,Passed,2454907758,
595,GBE,acpu_bfm_gbe_rst_state_test,Passed,2728488461,
596,GBE,acpu_bfm_gbe_rx_broadcast_test,Passed,4001701221,
597,GBE,acpu_bfm_gbe_tx_ipv6_test,Passed,2694303225,
598,GBE,fpga1_bfm_gbe_ext_lpbk_100m_test,Passed,2236223292,
599,GBE,acpu_bfm_gbe_tx_slave_mem_ddr_test,Passed,1861139868,
600,GBE,acpu_bfm_gbe_tx_basic_traffic_test,Passed,3964310531,
601,GBE,bcpu_bfm_gbe_rx_pause_frame_basic_test,Passed,1236058212,
602,GBE,fpga1_bfm_gbe_rx_slave_mem_ddr_test,Passed,2330071772,
603,GBE,fpga1_bfm_gbe_rx_basic_traffic_test,Passed,1338762460,
604,GBE,bcpu_bfm_gbe_rx_sw_rst_test,Passed,2321409321,
605,GBE,bcpu_bfm_gbe_ext_lpbk_half_duplex_buffered_test,Passed,851481943,
606,GBE,bcpu_bfm_gbe_tx_pause_frame_basic_test,Passed,1241728383,
607,PUFCC,bcpu_bfm_pufcc_clock_gating_test,Passed,3317576744,
608,PUFCC,bcpu_bfm_pufcc_rndm_dma_tfr_test,Passed,415644420,
609,PUFCC,bcpu_bfm_pufcc_crypto_aes_decrypt_test,Passed,555643027,
610,PUFCC,bcpu_bfm_pufcc_dma_spi_flash2ddr_tfr_test,Passed,4075020339,
611,PUFCC,bcpu_bfm_pufcc_dma_sram2fcb_tfr_test,Passed,1372954739,
612,PUFCC,bcpu_bfm_pufcc_dma_spi_flash2pcb_tfr_test,Passed,2015948980,
613,PUFCC,bcpu_bfm_pufcc_dma_ddr2fcb_tfr_test,Passed,3550923870,
614,PUFCC,bcpu_bfm_pufcc_dma_invalid_access_test,Passed,1668323948,
615,PUFCC,bcpu_bfm_pufcc_crypto_kwp_test,Passed,2866714044,
616,PUFCC,bcpu_bfm_pufcc_dma_sram2sram_tfr_test,Passed,2051348469,
617,PUFCC,bcpu_bfm_pufcc_bcpu_secure_boot_decrypt_test,Passed,3979043161,
618,PUFCC,bcpu_bfm_pufcc_pufrt_rng_test,Passed,2073360939,
619,PUFCC,bcpu_bfm_pufcc_dma_ddr2pcb_tfr_test,Passed,2190958395,
620,PUFCC,bcpu_bfm_pufcc_otp_access_test,Passed,1928626708,
621,PUFCC,bcpu_bfm_pufcc_crypto_hmac_test,Passed,1173623573,
622,PUFCC,bcpu_bfm_pufcc_acpu_secure_boot_decrypt_test,Passed,1220889387,
623,PUFCC,bcpu_bfm_pufcc_pkc_ecdsa_256_verify_test,Passed,952675350,
624,PUFCC,bcpu_bfm_pufcc_dma_ddr2ddr_tfr_test,Passed,1519785278,
625,PUFCC,bcpu_bfm_pufcc_dma_sg_tfr_test,Passed,388991444,
626,PUFCC,bcpu_bfm_pufcc_crypto_hash_test,Passed,2889317014,
627,PUFCC,bcpu_bfm_pufcc_bist_mode_test,Passed,110863644,
628,PUFCC,bcpu_bfm_pufcc_rw_test,Passed,456021458,
629,PUFCC,bcpu_bfm_pufcc_pkc_rsa_verify_test,Passed,4232574707,
630,PUFCC,bcpu_bfm_pufcc_reset_test,Passed,3945333605,
631,PUFCC,bcpu_bfm_pufcc_dma_sram2pcb_tfr_test,Passed,1210267811,
632,PUFCC,bcpu_bfm_pufcc_dma_spi_flash2fcb_tfr_test,Passed,1178962988,
633,ATB,bcpu_bfm_atb_rndm_debug_intf_test,Passed,1985839506,
634,ATB,bcpu_bfm_atb_sync_data_test,Passed,4213916492,
635,ATB,bcpu_bfm_atb_trace_test,timeout,3809519239,
636,REAL_ACPU,acpu_real_boot_from_ddr_base_test,Passed,3636641773,
637,REAL_ACPU,acpu_real_external_irq_enumeration_test,Passed,311831069,
638,REAL_ACPU,acpu_real_external_irq_test,Passed,802681060,
639,REAL_ACPU,acpu_real_check_reg_map_test,Passed,2275498233,
640,REAL_ACPU,acpu_real_sram_cache_on_test,Failed,1892625377,"UVM_FATAL [nfig_ss_base_test.sv(434) ] { 30237.0ns } [uvm_test_top                  ] [acpu_real_test] C-test failed
"
641,REAL_ACPU,acpu_real_boot_non_secure_test,Passed,4151328726,
642,REAL_ACPU,acpu_real_late_rst_test,Passed,1310251505,
643,REAL_ACPU,acpu_real_sram_test,Passed,3648094574,
644,REAL_ACPU,acpu_real_jtag_dm_reg_read_test,Passed,2953015484,
645,REAL_ACPU,acpu_real_read_idrev_test,Passed,2037935579,
646,REAL_ACPU,acpu_real_uart0_tx_test,Passed,402696907,
647,REAL_ACPU,acpu_real_scu_mem_margin_test,Passed,1376180503,
648,REAL_ACPU,acpu_real_peripheral_access_test,Passed,4236559400,
649,REAL_ACPU,acpu_real_pufcc_jtag_secure_tfr_test,Passed,412206047,
650,REAL_ACPU,acpu_real_boot_secure_test,timeout,618108772,
651,REAL_ACPU,acpu_real_jtag_ip_reg_rw_test,Passed,2225405881,
652,REAL_ACPU,acpu_real_sram2sram_test,Passed,3365821555,
653,REAL_BCPU,bcpu_real_peripheral_access_test,Passed,809738907,
654,REAL_BCPU,bcpu_real_sram_test,Passed,3105764111,
655,REAL_BCPU,bcpu_real_uart0_tx_test,Passed,256896014,
656,REAL_BCPU,bcpu_real_external_irq_enumeration_test,Failed,2679867625,"UVM_ERROR [real_scu_test_lib.sv(301) ] { 32744.0ns } [uvm_test_top                  ] [bcpu_real_external_irq_enumeration_test] C-test failed
"
657,REAL_BCPU,bcpu_real_scu_mem_margin_test,Passed,1301625209,
658,REAL_BCPU,bcpu_real_external_irq_test,Passed,3564863936,
659,REAL_BCPU,bcpu_real_read_idrev_test,Passed,688844919,
660,REAL_BCPU,bcpu_real_check_reg_map_test,Passed,3987369662,
661,REAL_BCPU,bcpu_real_jtag_dm_reg_read_test,Passed,2066747530,
662,REAL_ABCPU,abcpu_real_peripheral_access_test,Passed,3580363606,
663,REAL_ABCPU,abcpu_real_sram_test,Passed,4164193663,
664,REAL_ABCPU,abcpu_real_read_idrev_test,Passed,2210350213,
665,REAL_ABCPU,abcpu_real_uart0_tx_test,Passed,3998150429,
666,FPGA_s0,bcpu_bfm_fpga_ahb_s0_incr_burst_write_read_test,Passed,2469708007,
667,FPGA_s0,bcpu_bfm_fpga_ahb_s0_walking_one_write_read_test,Passed,2277046133,
668,FPGA_s0,bcpu_bfm_fpga_ahb_s0_wrap_burst_write_read_test,Passed,1921681167,
669,FPGA_s0,bcpu_bfm_fpga_ahb_s0_basic_write_read_test,Passed,206651608,
